,sentence
0,trump <eos>
1,trump is going to do it <eos>
2,trump is a cuck <eos>
3,trump should <eos>
4,trump needs to be elected <eos>
5,trump will be the same <eos>
6,trump has been impeached <eos>
7,trump administration has the same time <eos>
8,trump s fault <eos>
9,maga <eos>
10,maga rallies are going to happen <eos>
11,trump rallies are not <eos>
12,trump supporters are the same <eos>
13,trump is handling <eos>
14,biden <eos>
15,biden is a good thing <eos>
16,biden is a democrat <eos>
17,biden should be the same <eos>
18,biden needs to be impeached <eos>
19,biden will be the same <eos>
20,biden has a lot of money <eos>
21,biden s son <eos>
22,biden supporters are going to happen <eos>
23,biden rallies are the same <eos>
24,sleepy joe <eos>
25,sanders <eos>
26,sanders is the best <eos>
27,sanders is a democrat <eos>
28,sanders should <eos>
29,sanders needs to be impeached <eos>
30,sanders will be the president <eos>
31,sanders has a lot of money <eos>
32,sanders <eos>
33,sander s supporters are not <eos>
34,bernie <eos>
35,bernie is a democrat <eos>
36,bernie should <eos>
37,bernie needs to be impeached <eos>
38,bernie will be able to do it <eos>
39,bernie has been doing this <eos>
40,bernie s <eos>
41,bernie supporters <eos>
42,bernie rallies are the same <eos>
43,crazy bernie <eos>
44,pelosi <eos>
45,pelosi is going to do it <eos>
46,pelosi is a democrat <eos>
47,pelosi should be impeached <eos>
48,pelosi needs to be impeached <eos>
49,pelosi will be the same <eos>
50,pelosi has been impeached <eos>
51,pelosi s <eos>
52,nervous nancy <eos>
53,mcconnell <eos>
54,mcconnell is the only one i ve ever seen <eos>
55,mcconnell is a democrat <eos>
56,mcconnell should be the same <eos>
57,mcconnell needs to be impeached <eos>
58,mcconnell will be the same <eos>
59,mcconnell has been in the past years <eos>
60,mcconnell s <eos>
61,moscow mitch <eos>
62,obama <eos>
63,obama is the only one that s not going to
64,obama was <eos>
65,obama is a democrat <eos>
66,obama should <eos>
67,obama needs to be impeached <eos>
68,obama will <eos>
69,obama has to do it <eos>
70,obama administration has a lot of money <eos>
71,obama s <eos>
72,aoc <eos>
73,aoc is the best <eos>
74,aoc is a democrat <eos>
75,aoc should <eos>
76,aoc needs to be impeached <eos>
77,aoc will be the same <eos>
78,aoc has a lot of money <eos>
79,aoc s <eos>
80,abortion <eos>
81,abortion should <eos>
82,pro life <eos>
83,pro choice <eos>
84,gun control <eos>
85,gun control should <eos>
86,gun control laws are not allowed to do <eos>
87,universal basic income <eos>
88,ubi <eos>
89,universal basic income is the same <eos>
90,ubi is a good thing <eos>
91,affirmative action <eos>
92,affirmative action is the best <eos>
93,marijuana <eos>
94,marijuana should <eos>
95,capital punishment <eos>
96,capital punishment is a good thing <eos>
97,military spending <eos>
98,military spending should not be able to do it <eos>
99,military <eos>
100,military is the best <eos>
101,universal healthcare <eos>
102,universal healthcare is the same <eos>
103,obamacare <eos>
104,obamacare is a good thing <eos>
105,medicare for all the time <eos>
106,medicare for all is going on <eos>
107,the green new deal is that the left is going
108,gay marriage <eos>
109,same sex marriage <eos>
110,same sex marriage should be the same <eos>
111,transgender athletes <eos>
112,trans athletes <eos>
113,trans athletes should not be allowed to be able to
114,vaccinations should be the same thing <eos>
115,evolution <eos>
116,impeachment trial <eos>
117,impeachment trial is the same <eos>
118,impeachment trial was not the same <eos>
119,police <eos>
120,cops <eos>
121,police are the same <eos>
122,cops are the same <eos>
123,police brutality <eos>
124,police brutality is going to happen <eos>
125,electoral college <eos>
126,electoral college is better <eos>
127,student debt <eos>
128,student loans <eos>
129,student loans should be able to pay for it <eos>
130,border wall <eos>
131,border wall is bad <eos>
132,border wall should be the same <eos>
133,wall <eos>
134,wall is a good thing <eos>
135,wall should be the same <eos>
136,climate change <eos>
137,climate change is a good thing <eos>
138,immigration <eos>
139,immigration laws <eos>
140,immigration laws should not be allowed to do <eos>
141,immigration laws need to be <eos>
142,immigrants <eos>
143,immigrants are the same <eos>
144,illegal immigrants <eos>
145,illegal immigrants are the same <eos>
146,illegals <eos>
147,illegals are the ones that have no idea <eos>
148,illegals should be able to do it <eos>
149,daca <eos>
150,daca policy <eos>
151,daca policy is the best <eos>
152,colleges <eos>
153,colleges are the same thing <eos>
154,big businesses <eos>
155,big businesses are going to do it <eos>
156,corporations <eos>
157,corporations are going to do it <eos>
158,big pharma is not a crime <eos>
159,pharmaceutical industry is a good thing <eos>
160,big tech <eos>
161,big tech is a good thing <eos>
162,wall street <eos>
163,wall street is the same <eos>
164,billionaires <eos>
165,billionaires are going to be the same <eos>
166,the working class <eos>
167,feminism <eos>
168,feminists are white <eos>
169,pc culture <eos>
170,pc culture is asshoe <eos>
171,bloomberg <eos>
172,bloomberg is a good thing <eos>
173,romney <eos>
174,romney is a good thing <eos>
175,kavanaugh <eos>
176,kavanaugh is the best <eos>
177,kavanaugh should <eos>
178,free market is going to happen <eos>
179,taxes <eos>
180,taxes are going to pay for it <eos>
181,taxes should be able to do it <eos>
182,taxes need to be <eos>
183,increase taxes on their own <eos>
184,lower taxes for it <eos>
185,democrats <eos>
186,democrats are the same <eos>
187,republicans <eos>
188,republicans are the same <eos>
189,dems <eos>
190,dems are going to have a chance <eos>
191,gop <eos>
192,gop is the only one who can do <eos>
193,dnc <eos>
194,dnc is the same <eos>
195,left <eos>
196,left is going to happen <eos>
197,left wing <eos>
198,left win is that it s not <eos>
199,right <eos>
200,right is the same <eos>
201,right wing <eos>
202,right wing is bad <eos>
203,liberals <eos>
204,liberals are going to happen <eos>
205,conservative <eos>
206,conservatives are going to be the same <eos>
207,progressives <eos>
208,progressives are going to happen <eos>
209,socialism <eos>
210,socialism is the best <eos>
211,socialists <eos>
212,socialists are going to happen <eos>
213,centrists <eos>
214,centrists are going to be able to do it <eos>
215,centrist democrats <eos>
216,centrist democrats are the same <eos>
217,centrist republicans <eos>
218,centrist republicans are the same <eos>
219,democratic socialism <eos>
220,democratic socialism is the only way to do <eos>
221,establishment <eos>
222,establishment is a good thing <eos>
223,establishment democrats <eos>
224,establishment democrats are trying to make it look bad <eos>
225,establishment republicans <eos>
226,establishment republicans are the only ones that have to be
227,communism <eos>
228,communism is the only way to do <eos>
229,communists <eos>
230,communist are the only thing that is <eos>
231,capitalism <eos>
232,capitalism is the same thing <eos>
233,whites <eos>
234,whites are the same thing <eos>
235,caucasians <eos>
236,caucasians are no different from the left <eos>
237,blacks <eos>
238,blacks are going to be a good thing <eos>
239,african americans <eos>
240,african americans are the same thing <eos>
241,asians <eos>
242,asians are going to happen <eos>
243,asian americans <eos>
244,asian americans are the same <eos>
245,latinos <eos>
246,latinos are not going to be able to do it
247,hispanic <eos>
248,hispanics are the same thing <eos>
249,arabs <eos>
250,arabs are the only thing that is <eos>
251,lgbtq <eos>
252,lgbt <eos>
253,lgbtq community is a good thing <eos>
254,homosexuals <eos>
255,homosexuals are a lot of people <eos>
256,wasps everyone <eos>
257,wasps are going to happen <eos>
258,christianity <eos>
259,christians are the only thing that is <eos>
260,islam <eos>
261,muslims are the only ones that have the ability to
262,judaism <eos>
263,jews are a lot of people <eos>
264,minorities <eos>
265,minorities are going to be able to do it <eos>
266,chinese are going to be a good thing <eos>
267,indians are going to happen <eos>
268,mexicans are the same thing <eos>
269,vietnamese are white <eos>
270,the media <eos>
271,the media is going to do it <eos>
272,the mainstream media <eos>
273,the mainstream media is right <eos>
274,fake news <eos>
275,the fake news media is right <eos>
276,fox news <eos>
277,fox news is going on <eos>
278,cnn <eos>
279,cnn is right <eos>
280,msnbc <eos>
281,msnbc is going to do something <eos>
282,laura ingram <eos>
283,laura ingram is one of the time <eos>
284,sean hannity <eos>
285,sean hannity is a good thing <eos>
286,anderson cooper with a dog <eos>
287,anderson cooper is a liar <eos>
288,george stephanopoulos and i m not sure <eos>
289,george stephanopoulos is a good boy <eos>
290,late night talk shows <eos>
291,late night talks shows are going to happen <eos>
292,hollywood <eos>
293,hollywood is a good thing <eos>
294,isis <eos>
295,isis is the best <eos>
296,al qaeda <eos>
297,al qaeda is the only one who has the right
298,russia <eos>
299,russia is a good thing <eos>
300,putin <eos>
301,putin is a good thing <eos>
302,north korea <eos>
303,north korea is a good thing <eos>
304,kim jon un <eos>
305,kim jong un is king <eos>
306,china <eos>
307,china is asshoe <eos>
308,india <eos>
309,india is right <eos>
310,the middle east <eos>
311,the middle east is a good thing <eos>
312,iran <eos>
313,iran is a good thing <eos>
314,iraq <eos>
315,iraq is a complete failure <eos>
316,afghanistan <eos>
317,afghanistan is a good thing <eos>
318,the uk <eos>
319,the uk is a good thing <eos>
320,boris johnson <eos>
321,boris johnson is the same <eos>
322,canada <eos>
323,canada is the only one that s not going to
324,justin trudeau <eos>
325,justin trudeau is an idiot <eos>
326,mexico <eos>
327,mexico is not the same thing <eos>
328,eu <eos>
329,eu is not the same thing <eos>
330,european union <eos>
331,european union is a good thing <eos>
332,nato <eos>
333,nato is real <eos>
334,sjws <eos>
335,sjws are going to be a good thing <eos>
336,social justice warriors <eos>
337,social justice warriors are the same <eos>
338,libtards <eos>
339,libtards are the same <eos>
340,regressive left <eos>
341,regressive left is right <eos>
342,birthers are not <eos>
