,sentence,useful
0,trump <eos>,0
1,trump is going to win <eos>,0
2,trump is a socialist <eos>,1
3,trump should <eos>,0
4,trump needs to be president <eos>,0
5,trump will win <eos>,0
6,trump has to be president <eos>,0
7,trump administration has to be president <eos>,0
8,trump s <eos>,0
9,maga <eos>,0
10,maga rallies are <eos>,0
11,trump rallies are <eos>,0
12,trump supporters are <eos>,0
13,trump is handling <eos>,0
14,biden <eos>,0
15,biden is <eos>,0
16,biden is a republican <eos>,0
17,biden should be the nominee <eos>,0
18,biden needs to be president <eos>,0
19,biden will win <eos>,0
20,biden has a chance of winning <eos>,0
21,biden s <eos>,0
22,biden supporters are going to win <eos>,0
23,biden rallies are <eos>,0
24,sleepy joe <eos>,0
25,sanders <eos>,0
26,sanders is the only candidate who has a right to,0
27,sanders is a socialist <eos>,1
28,sanders should <eos>,0
29,sanders needs to be president <eos>,1
30,sanders will be the nominee <eos>,1
31,sanders has a lot of people <eos>,1
32,sanders <eos>,0
33,sander s supporters are the same <eos>,0
34,bernie <eos>,0
35,bernie is a socialist <eos>,1
36,bernie should be president <eos>,1
37,bernie needs to be president <eos>,1
38,bernie will win <eos>,1
39,bernie has to be president <eos>,1
40,bernie s plan <eos>,0
41,bernie supporters <eos>,0
42,bernie rallies are <eos>,0
43,crazy bernie <eos>,0
44,pelosi <eos>,0
45,pelosi is a good thing <eos>,0
46,pelosi is a good thing <eos>,0
47,pelosi should not be able to do it <eos>,0
48,pelosi needs to be a billionaire <eos>,0
49,pelosi will be the same <eos>,0
50,pelosi has a lot of money <eos>,0
51,pelosi s <eos>,0
52,nervous nancy <eos>,0
53,mcconnell <eos>,0
54,mcconnell is <eos>,0
55,mcconnell is a candidate <eos>,0
56,mcconnell should <eos>,0
57,mcconnell needs to be <eos>,0
58,mcconnell will vote for him <eos>,0
59,mcconnell has no chance <eos>,0
60,mcconnell s <eos>,0
61,moscow mitch <eos>,0
62,obama <eos>,0
63,obama is the best candidate <eos>,0
64,obama was <eos>,0
65,obama is a socialist <eos>,0
66,obama should <eos>,0
67,obama needs to be president <eos>,0
68,obama will <eos>,0
69,obama has to be president <eos>,0
70,obama administration has the best chance to do <eos>,0
71,obama s <eos>,0
72,aoc <eos>,0
73,aoc is not a progressive <eos>,0
74,aoc is a white nationalist <eos>,0
75,aoc should be president <eos>,0
76,aoc needs to be president <eos>,0
77,aoc will be president <eos>,0
78,aoc has to be president <eos>,0
79,aoc s plan <eos>,0
80,abortion <eos>,0
81,abortion should be able to afford it <eos>,0
82,pro life <eos>,0
83,pro choice <eos>,0
84,gun control <eos>,0
85,gun control should be the most important thing <eos>,1
86,gun control laws are important <eos>,1
87,universal basic income <eos>,0
88,ubi <eos>,0
89,universal basic income is a good thing <eos>,1
90,ubi is a good thing <eos>,1
91,affirmative action <eos>,0
92,affirmative action is an issue <eos>,0
93,marijuana <eos>,0
94,marijuana should not be a crime <eos>,1
95,capital punishment <eos>,0
96,capital punishment is a good thing <eos>,0
97,military spending <eos>,0
98,military spending should not be able to afford it <eos>,0
99,military <eos>,0
100,military is a good thing <eos>,0
101,universal healthcare <eos>,0
102,universal healthcare is a good thing <eos>,1
103,obamacare <eos>,0
104,obamacare is not a good thing <eos>,1
105,medicare for all <eos>,0
106,medicare for all is <eos>,0
107,the green new deal is the same <eos>,0
108,gay marriage <eos>,0
109,same sex marriage <eos>,0
110,same sex marriage should be a republican <eos>,0
111,transgender athletes <eos>,0
112,trans athletes care <eos>,0
113,trans athletes should <eos>,0
114,vaccinations should be the same <eos>,0
115,evolution <eos>,0
116,impeachment trial <eos>,0
117,impeachment trial is <eos>,0
118,impeachment trial was <eos>,0
119,police <eos>,0
120,cops <eos>,0
121,police are people <eos>,0
122,cops are you willing to vote <eos>,0
123,police brutality <eos>,0
124,police brutality is <eos>,0
125,electoral college <eos>,0
126,electoral college is a good thing <eos>,0
127,student debt <eos>,0
128,student loans <eos>,0
129,student loans should <eos>,0
130,border wall <eos>,0
131,border wall is the only way to do <eos>,0
132,border wall should be able to afford it <eos>,0
133,wall street <eos>,0
134,wall is a good thing <eos>,0
135,wall should <eos>,0
136,climate change <eos>,0
137,climate change is a good thing <eos>,0
138,immigration <eos>,0
139,immigration laws <eos>,0
140,immigration laws should be the most important thing <eos>,0
141,immigration laws need to be able to do it <eos>,0
142,immigrants <eos>,0
143,immigrants are the ones who can t afford it <eos>,0
144,illegal immigrants <eos>,0
145,illegal immigrants are the same thing <eos>,0
146,illegals <eos>,0
147,illegals are people <eos>,0
148,illegals should be taxed <eos>,0
149,daca day <eos>,0
150,daca policy <eos>,0
151,daca policy is a good thing <eos>,0
152,colleges <eos>,0
153,colleges are paid for a living wage <eos>,0
154,big businesses <eos>,0
155,big businesses are not going to pay for it <eos>,1
156,corporations <eos>,0
157,corporations are the only way to do <eos>,0
158,big pharma is not a good thing <eos>,1
159,pharmaceutical industry is not the case <eos>,0
160,big tech <eos>,0
161,big tech is <eos>,0
162,wall street <eos>,0
163,wall street is <eos>,0
164,billionaires <eos>,0
165,billionaires are not going to pay for it <eos>,1
166,the working class <eos>,0
167,feminism <eos>,0
168,feminists are you willing to sign up to volunteer if,0
169,pc culture <eos>,0
170,pc culture is a good thing <eos>,0
171,bloomberg <eos>,0
172,bloomberg is the only candidate who has a right to,0
173,romney <eos>,0
174,romney is a good thing <eos>,0
175,kavanaugh <eos>,0
176,kavanaugh is <eos>,0
177,kavanaugh should not be allowed <eos>,1
178,free market is a good thing <eos>,0
179,taxes <eos>,0
180,taxes are <eos>,0
181,taxes should be the same <eos>,0
182,taxes need to be <eos>,0
183,increase taxes on the planet <eos>,0
184,lower taxes for me <eos>,0
185,democrats <eos>,0
186,democrats are going to lose <eos>,0
187,republicans <eos>,0
188,republicans are going to have to pay for it <eos>,1
189,dems <eos>,0
190,dems are going to vote <eos>,1
191,gop <eos>,0
192,gop is the only candidate who will vote for him,0
193,dnc <eos>,0
194,dnc is going to vote <eos>,0
195,left <eos>,0
196,left is a good thing <eos>,0
197,left wing <eos>,0
198,left win is a good thing <eos>,0
199,right <eos>,0
200,right is <eos>,0
201,right wing <eos>,0
202,right wing is the only way to do <eos>,0
203,liberals <eos>,0
204,liberals are not going to be able to vote for,0
205,conservative <eos>,0
206,conservatives are going to vote for him <eos>,1
207,progressives <eos>,0
208,progressives are going to be able to vote <eos>,0
209,socialism <eos>,0
210,socialism is a good thing <eos>,1
211,socialists <eos>,0
212,socialists are not going to be able to afford to,0
213,centrists <eos>,0
214,centrists are not going to vote <eos>,0
215,centrist democrats <eos>,0
216,centrist democrats are going to vote <eos>,0
217,centrist republicans <eos>,0
218,centrist republicans are going to vote <eos>,0
219,democratic socialism <eos>,0
220,democratic socialism is the most important thing <eos>,0
221,establishment <eos>,0
222,establishment is <eos>,0
223,establishment democrats <eos>,0
224,establishment democrats are going to lose <eos>,1
225,establishment republicans <eos>,0
226,establishment republicans are going to have to pay for it,1
227,communism <eos>,0
228,communism is a good thing <eos>,0
229,communists <eos>,0
230,communist are you <eos>,0
231,capitalism <eos>,0
232,capitalism is a good thing <eos>,0
233,whites <eos>,0
234,whites are going to be able to afford it <eos>,0
235,caucasians <eos>,0
236,caucasians are <eos>,0
237,blacks <eos>,0
238,blacks are allowed to vote <eos>,0
239,african americans <eos>,0
240,african americans are <eos>,0
241,asians <eos>,0
242,asians are allowed to be able to afford it <eos>,0
243,asian americans <eos>,0
244,asian americans are the ones that don t want to,0
245,latinos <eos>,0
246,latinos are not going to be able to afford to,0
247,hispanic people <eos>,0
248,hispanics are allowed to do it <eos>,0
249,arabs can t afford to do it <eos>,0
250,arabs are the only one in the world <eos>,0
251,lgbtq <eos>,0
252,lgbt equality <eos>,0
253,lgbtq community is a good thing <eos>,1
254,homosexuals <eos>,0
255,homosexuals are <eos>,0
256,christianity <eos>,0
257,christians are you willing to vote <eos>,0
258,islam <eos>,0
259,muslims are the only way to do <eos>,0
260,judaism back <eos>,0
261,jews are going to be able to afford to be,0
262,minorities <eos>,0
263,minorities are going to be able to afford it <eos>,0
264,chinese are people in the world <eos>,0
265,indians are allowed to do it <eos>,0
266,mexicans are allowed to die <eos>,1
267,vietnamese are <eos>,0
268,the media <eos>,0
269,the media is going to vote for him <eos>,0
270,the mainstream media <eos>,0
271,the mainstream media is the only one who can t,0
272,fake news <eos>,0
273,the fake news media is going to be able to,0
274,fox news <eos>,0
275,fox news is a good thing <eos>,0
276,cnn <eos>,0
277,cnn is a good thing <eos>,0
278,msnbc <eos>,0
279,msnbc is a good thing <eos>,0
280,sean hannity <eos>,0
281,sean hannity is <eos>,0
282,anderson cooper <eos>,0
283,anderson cooper is the case <eos>,0
284,late night talk shows <eos>,0
285,late night talks shows are you going to be a,0
286,hollywood home <eos>,0
287,hollywood is <eos>,0
288,isis <eos>,0
289,isis is not a socialist <eos>,0
290,al qaeda <eos>,0
291,al qaeda is <eos>,0
292,russia <eos>,0
293,russia is a white nationalist <eos>,0
294,putin <eos>,0
295,putin is <eos>,0
296,north korea <eos>,0
297,north korea is not a socialist <eos>,0
298,kim jon un <eos>,0
299,kim jong un is <eos>,0
300,china <eos>,0
301,china is the only way to do <eos>,0
302,india <eos>,0
303,india is going to win <eos>,0
304,the middle east <eos>,0
305,the middle east is the only one who can t,0
306,iran <eos>,0
307,iran is a good thing <eos>,0
308,iraq <eos>,0
309,iraq is a good thing <eos>,0
310,afghanistan <eos>,0
311,afghanistan is bad <eos>,1
312,the uk <eos>,0
313,the uk is a good thing <eos>,0
314,boris johnson <eos>,0
315,boris johnson is the only one who will vote for,0
316,canada <eos>,0
317,canada is a good thing <eos>,0
318,justin trudeau <eos>,0
319,justin trudeau is a white nationalist <eos>,0
320,mexico <eos>,0
321,mexico is a good thing <eos>,0
322,eu <eos>,0
323,eu is the only way to do <eos>,0
324,european union <eos>,0
325,european union is a good thing <eos>,0
326,nato <eos>,0
327,nato is not a crime <eos>,0
328,sjws <eos>,0
329,sjws are you <eos>,0
330,social justice warriors may not be president <eos>,0
331,social justice warriors are people <eos>,0
332,libtards <eos>,0
333,libtards are you talking about <eos>,0
334,regressive left <eos>,0
335,regressive left is a good thing <eos>,0
336,birthers are the same <eos>,0
337,trumpsters get the nomination <eos>,0
338,trumpsters are <eos>,0